_id,place_id,category,name,gift_aid_amount,gift_aid_currency,group_minimum,group_name,standard_amount,standard_currency
1,1,Whole property,Adult,,,,,700,GBP
2,1,Whole property,Child,,,,,350,GBP
3,1,Whole property,Family,,,,,1750,GBP
4,1,Whole property,One adult and up to three children,,,,,1050,GBP
5,2,Whole property,Adult,,,,,700,GBP
6,2,Whole property,Child,,,,,350,GBP
7,2,Whole property,Family,,,,,1750,GBP
8,2,Whole property,One Adult Family,,,,,1050,GBP
9,2,Whole property,Adult,,,15,Group,630,GBP
10,2,Whole property,Child,,,15,Group,315,GBP
11,7,House and garden,Adult,,,,,900,GBP
12,7,House and garden,Child,,,,,450,GBP
13,7,House and garden,Family,,,,,2250,GBP
14,7,House and garden,1 Adult family,,,,,1350,GBP
15,8,Car park,Whole day (1 March - 31 October),,,,,800,GBP
16,14,Car Parking,,,,,,800,GBP
17,16,Landscape garden,Adult,1540,GBP,,,1400,GBP
18,16,Landscape garden,Child,770,GBP,,,700,GBP
19,16,Landscape garden,Family,3850,GBP,,,3500,GBP
20,16,Landscape garden,One adult family,2320,GBP,,,2100,GBP
21,16,Landscape garden,Adult,,,15,Group,1330,GBP
22,16,Landscape garden,Child,,,15,Group,665,GBP
23,18,Petworth House and Park,Adult,1760,GBP,,,1600,GBP
24,18,Petworth House and Park,Child,880,GBP,,,800,GBP
25,18,Petworth House and Park,Family,4400,GBP,,,4000,GBP
26,18,Petworth House and Park,Family one adult,2640,GBP,,,2400,GBP
27,15,House tour,Adult,,,,,800,GBP
28,15,House tour,Child,,,,,400,GBP
29,15,House tour,Family,,,,,2000,GBP
30,20,Long Crendon Courthouse,Adult,,,,,500,GBP
31,20,Long Crendon Courthouse,Child,,,,,250,GBP
32,21,House and Garden | Tŷ a’r ardd,Adult,1210,GBP,,,1100,GBP
33,21,House and Garden | Tŷ a’r ardd,Child,610,GBP,,,550,GBP
34,21,House and Garden | Tŷ a’r ardd,Family,3030,GBP,,,2750,GBP
35,21,House and Garden | Tŷ a’r ardd,1 adult and up to 3 children,1820,GBP,,,1650,GBP
36,24,House or Gardens,Adult,830,GBP,,,750,GBP
37,24,House or Gardens,Child,420,GBP,,,375,GBP
38,24,House or Gardens,Family,2070,GBP,,,1875,GBP
39,24,House or Gardens,1 adult,1240,GBP,,,1125,GBP
40,24,Combined ticket - House and Gardens,Adult,1320,GBP,,,1200,GBP
41,24,Combined ticket - House and Gardens,Child,660,GBP,,,600,GBP
42,24,Combined ticket - House and Gardens,Family,3300,GBP,,,3000,GBP
43,24,Combined ticket - House and Gardens,1 adult,1980,GBP,,,1800,GBP
44,25,Sedge Fen,Adult,940,GBP,,,850,GBP
45,25,Sedge Fen,Child,470,GBP,,,425,GBP
46,25,Sedge Fen,Family,2340,GBP,,,2125,GBP
47,25,Sedge Fen,One adult family,1410,GBP,,,1275,GBP
48,25,Sedge Fen,Adult,,,12,Group,760,GBP
49,25,Sedge Fen,Child,,,12,Group,380,GBP
50,25,Car,Cars,,,,,300,GBP
51,29,Whole property ,Adult,1050,GBP,,,950,GBP
52,29,Whole property ,Child,580,GBP,,,475,GBP
53,29,Whole property ,Family,2890,GBP,,,2375,GBP
54,29,Whole property ,"1 Adult, 3 Children",1730,GBP,,,1425,GBP
55,28,Whole property,Adult,880,GBP,,,800,GBP
56,28,Whole property,Child,440,GBP,,,400,GBP
57,28,Whole property,Family,2200,GBP,,,2000,GBP
58,28,Whole property,"Family one adult, two children",1320,GBP,,,1200,GBP
59,33,Entry to Grange Barn ,Adult,,,,,500,GBP
60,33,Entry to Grange Barn ,Child,,,,,250,GBP
61,33,Entry to Grange Barn ,Family,,,,,1250,GBP
62,33,Entry to Grange Barn ,One adult family ,,,,,750,GBP
63,32,Whole property,Adult,,,,,400,GBP
64,32,Whole property,Child,,,,,200,GBP
65,37,Whole Property,Adult,1155,GBP,,,1050,GBP
66,37,Whole Property,Child,578,GBP,,,525,GBP
67,37,Whole Property,Family,2942,GBP,,,2625,GBP
68,37,Whole Property,Group outside normal hours,,,,,1100,GBP
69,37,Whole Property,Adult,,,0,Group,700,GBP
70,37,Grounds Only,Adult,440,GBP,,,400,GBP
71,37,Grounds Only,Child,220,GBP,,,200,GBP
72,37,Grounds Only,Family,1100,GBP,,,1000,GBP
73,37,Grounds Only,Adult,,,0,Group,700,GBP
74,35,Lifeboat Road car parking,,,,,,750,GBP
75,35,Lifeboat Road coach parking,,,,,,5000,GBP
76,35,Lifeboat Road horsebox parking,,,,,,1500,GBP
77,35,Lifeboat Road mini bus parking,,,,,,1800,GBP
78,35,Victoria Road car parking,,,,,,750,GBP
79,36,House,Adult,,,,,600,GBP
80,36,House,Child,,,,,300,GBP
81,36,Tower ,Adult,,,,,300,GBP
82,36,Tower ,Child,,,,,150,GBP
83,38,Whole property 19 March - 30 October,Adult,660,GBP,,,600,GBP
84,38,Whole property 19 March - 30 October,Child,330,GBP,,,300,GBP
85,38,Whole property 19 March - 30 October,Family,1650,GBP,,,1500,GBP
86,38,Whole property 19 March - 30 October,One adult family,990,GBP,,,900,GBP
87,42,Whole property | Eiddo cyfan,Adult,1540,GBP,,,1400,GBP
88,42,Whole property | Eiddo cyfan,Child,770,GBP,,,700,GBP
89,42,Whole property | Eiddo cyfan,Family,3850,GBP,,,3500,GBP
90,42,Whole property | Eiddo cyfan,Adult,,,15,Group,1330,GBP
91,42,Whole property | Eiddo cyfan,Child,,,15,Group,665,GBP
92,45,Whole Property,Adult,1265,GBP,,,1150,GBP
93,45,Whole Property,Child,633,GBP,,,575,GBP
94,45,Whole Property,Family,3163,GBP,,,2875,GBP
95,45,Whole Property,Group outside normal hours,,,,,1300,GBP
96,45,Whole Property,Adult,,,15,Group,900,GBP
97,45,Gardens & Forest Park Only,Adult,770,GBP,,,700,GBP
98,45,Gardens & Forest Park Only,Child,385,GBP,,,350,GBP
99,45,Gardens & Forest Park Only,Family,1925,GBP,,,1750,GBP
100,45,Gardens & Forest Park Only,Adult,,,15,Group,600,GBP
101,48,Garden,Adult,1100,GBP,,,1000,GBP
102,48,Garden,Child,550,GBP,,,500,GBP
103,48,Garden,Family,2750,GBP,,,2500,GBP
104,48,Garden,"1 adult, 3 children",1650,GBP,,,1500,GBP
105,48,Garden,Adult,,,15,Group,950,GBP
106,48,Garden,Child,,,15,Group,470,GBP
107,50,Whole property,Adult,1430,GBP,,,1300,GBP
108,50,Whole property,Child,720,GBP,,,650,GBP
109,50,Whole property,Family,3580,GBP,,,3250,GBP
110,50,Whole property,1 adult family,2150,GBP,,,1950,GBP
111,50,Whole property,Adult,,,15,Group,1235,GBP
112,51,Admission,Adult,990,GBP,,,900,GBP
113,51,Admission,Child,500,GBP,,,450,GBP
114,51,Admission,Family,2480,GBP,,,2250,GBP
115,51,Admission,"1 adult, 2 children",1490,GBP,,,1350,GBP
116,51,Admission,Adult,,,15,Group,855,GBP
117,51,Admission,Child,,,15,Group,428,GBP
118,52,Whole Property,Adult,550,GBP,,,500,GBP
119,52,Whole Property,Child,280,GBP,,,250,GBP
120,52,Whole Property,Family,1380,GBP,,,1250,GBP
121,54,Windmill,Adult,,,,,300,GBP
122,54,Windmill,Child,,,,,150,GBP
123,57,Whole property,Adult,990,GBP,,,900,GBP
124,57,Whole property,Child,500,GBP,,,450,GBP
125,57,Whole property,Family,2480,GBP,,,2250,GBP
126,57,Whole property,1 adult 2 children,1500,GBP,,,1350,GBP
127,57,Whole property,Adult,,,15,Group,800,GBP
128,57,Whole property,Child,,,15,Group,400,GBP
129,59,Whole property,Adult,1100,GBP,,,1000,GBP
130,59,Whole property,Child,550,GBP,,,500,GBP
131,59,Whole property,Family,2750,GBP,,,2500,GBP
132,59,Whole property,1 adult family,1650,GBP,,,1500,GBP
133,59,Whole property,Adult,,,15,Group,950,GBP
134,58,Lighthouse,Adult,830,GBP,,,750,GBP
135,58,Lighthouse,Child,420,GBP,,,375,GBP
136,58,Lighthouse,Family,2070,GBP,,,1875,GBP
137,58,Lighthouse,Family one adult,1240,GBP,,,1125,GBP
138,58,Lighthouse,Adult,,,15,Group,680,GBP
139,58,Lighthouse,Child,,,15,Group,340,GBP
140,60,Whole Property,Adult,1100,GBP,,,1000,GBP
141,60,Whole Property,Child,550,GBP,,,500,GBP
142,60,Whole Property,Family,2750,GBP,,,2500,GBP
143,60,Whole Property,1 adult family,1650,GBP,,,1500,GBP
144,61,Whole property,Adult,1050,GBP,,,950,GBP
145,61,Whole property,Child,523,GBP,,,475,GBP
146,61,Whole property,Family,2620,GBP,,,2375,GBP
147,61,Whole property,Family one adult ,1570,GBP,,,1425,GBP
148,61,Whole property,Adult,,,15,Group,900,GBP
149,61,Whole property,Child,,,15,Group,450,GBP
150,63,House and Garden,Adult,,,,,1000,GBP
151,63,House and Garden,Child,,,,,500,GBP
152,63,House and Garden,Family,,,,,2500,GBP
153,63,House and Garden,1 Adult Family,,,,,1500,GBP
154,63,Garden only,Adult,,,,,700,GBP
155,63,Garden only,Child,,,,,350,GBP
156,63,Garden only,Family,,,,,1750,GBP
157,63,Garden only,Family 1 adult,,,,,1050,GBP
158,62,Car park,Whole day,,,,,800,GBP
159,65,General Admission ,Adult,1430,GBP,,,1300,GBP
160,65,General Admission ,Child,720,GBP,,,650,GBP
161,65,General Admission ,Family,3580,GBP,,,3250,GBP
162,65,General Admission ,One adult family,2180,GBP,,,1950,GBP
163,68,Nunnington Hall,Adult,1050,GBP,,,950,GBP
164,68,Nunnington Hall,Child,525,GBP,,,475,GBP
165,68,Nunnington Hall,Family,2620,GBP,,,2375,GBP
166,68,Nunnington Hall,"Family, one adult",1570,GBP,,,1425,GBP
167,68,Nunnington Hall,Adult,,,0,Group,800,GBP
168,72,House and garden open from 28 Feb,Adult,880,GBP,,,800,GBP
169,72,House and garden open from 28 Feb,Child,440,GBP,,,400,GBP
170,72,House and garden open from 28 Feb,Family,2200,GBP,,,2000,GBP
171,72,House and garden open from 28 Feb,One adult family,1320,GBP,,,1200,GBP
172,73,Car park,Whole day (1 March - 31 October),,,,,800,GBP
173,74,Car parking (March –⁠ October),Car,,,,,500,GBP
174,74,Car parking (November –⁠ February),Car,,,,,300,GBP
175,74,Minibus parking,Minibus,,,,,700,GBP
176,74,Coach parking,Coach parking,,,,,1600,GBP
177,74,Motorbike parking,Motorbike,,,,,200,GBP
178,77,Non-member admission ,Adult,,,,,800,GBP
179,77,Non-member admission ,Child,,,,,400,GBP
180,84,Standard Price,Adult,1540,GBP,,,1400,GBP
181,84,Standard Price,Child,770,GBP,,,700,GBP
182,84,Standard Price,Family,3850,GBP,,,3500,GBP
183,84,Standard Price,"1 adult, 2 children",2310,GBP,,,2100,GBP
184,84,Off Peak (when house is closed*),Adult,1000,GBP,,,900,GBP
185,84,Off Peak (when house is closed*),Child,500,GBP,,,450,GBP
186,84,Off Peak (when house is closed*),Family,2500,GBP,,,2250,GBP
187,85,"House (if capacity), Garden and Parkland ",Adult,1980,GBP,,,1800,GBP
188,85,"House (if capacity), Garden and Parkland ",Child,990,GBP,,,900,GBP
189,85,"House (if capacity), Garden and Parkland ",Family,4950,GBP,,,4500,GBP
190,85,"House (if capacity), Garden and Parkland ","1 adult, 2 children",2970,GBP,,,2700,GBP
191,85,"House (if capacity), Garden and Parkland ",Adult,,,0,Group,1500,GBP
192,86,Whole property,Adult,1320,GBP,,,1200,GBP
193,86,Whole property,Child,660,GBP,,,600,GBP
194,86,Whole property,Family,3300,GBP,,,3000,GBP
195,86,Whole property,Family (one adult),1980,GBP,,,1800,GBP
196,86,Whole property,Adult,,,0,Group,1140,GBP
197,89,House - guided tour only ,Adult,,,,,950,GBP
198,89,House - guided tour only ,Child,,,,,475,GBP
199,89,House - guided tour only ,Family,,,,,2375,GBP
200,89,House - guided tour only ,Family one adult ,,,,,1425,GBP
201,91,Whole property,Adult,1320,GBP,,,1200,GBP
202,91,Whole property,Child,660,GBP,,,600,GBP
203,91,Whole property,Family,3300,GBP,,,3000,GBP
204,91,Whole property,"Family, one adult",1980,GBP,,,1800,GBP
205,91,Whole property,Adult,,,15,Group,1140,GBP
206,91,Whole property,Child,,,15,Group,570,GBP
207,92,Estate ticket ,Adult,940,GBP,,,850,GBP
208,92,Estate ticket ,Child,470,GBP,,,425,GBP
209,92,Estate ticket ,Family,2340,GBP,,,2125,GBP
210,92,Estate ticket ,1 adult + 3 children,1410,GBP,,,1275,GBP
211,94,Garden,Adult,1100,GBP,,,1000,GBP
212,94,Garden,Child,550,GBP,,,500,GBP
213,94,Garden,Family,2750,GBP,,,2500,GBP
214,94,Garden,"1 adult, up to 3 children",1650,GBP,,,1500,GBP
215,94,Garden,Adult,,,0,Group,950,GBP
216,94,Garden,Child,,,0,Group,450,GBP
217,95,Adult,Adult,,,,,600,GBP
218,95,Concession,Adult,,,,,400,GBP
219,97,Whole property,Adult,1650,GBP,,,1500,GBP
220,97,Whole property,Child,830,GBP,,,750,GBP
221,97,Whole property,Family,4130,GBP,,,3750,GBP
222,97,Whole property,1 adult family,2480,GBP,,,2250,GBP
223,99,House,Adult,,,,,600,GBP
224,99,House,Child,,,,,300,GBP
225,99,House,Family,,,,,1500,GBP
226,99,House,Family 1 Adult,,,,,900,GBP
227,102,Garden,Adult,1100,GBP,,,1000,GBP
228,102,Garden,Child,550,GBP,,,500,GBP
229,102,Garden,Family,2750,GBP,,,2500,GBP
230,102,Garden,"1 adult, 3 children",1650,GBP,,,1500,GBP
231,102,Garden,Adult,,,15,Group,950,GBP
232,102,Garden,Child,,,15,Group,475,GBP
233,105,Castle entry ,Adult,600,GBP,,,540,GBP
234,105,Castle entry ,Child,300,GBP,,,270,GBP
235,105,Castle entry ,Family,1500,GBP,,,1350,GBP
236,107,Whole Property from 1st March,Adult,1430,GBP,,,1300,GBP
237,107,Whole Property from 1st March,Child,720,GBP,,,650,GBP
238,107,Whole Property from 1st March,Family,3580,GBP,,,3250,GBP
239,107,Whole Property from 1st March,Family one adult,2150,GBP,,,1950,GBP
240,107,Whole Property from 1st March,Adult,,,10,Group,1250,GBP
241,107,Whole Property from 1st March,Child,,,10,Group,600,GBP
242,108,House and Garden,Adult,,,,,800,GBP
243,108,House and Garden,Child,,,,,400,GBP
244,108,House and Garden,Family,,,,,2000,GBP
245,108,House and Garden,Family one adult ,,,,,1200,GBP
246,110,Whole Property,Adult,1430,GBP,,,1300,GBP
247,110,Whole Property,Child,720,GBP,,,650,GBP
248,110,Whole Property,Family,3580,GBP,,,3250,GBP
249,110,Whole Property,"1 adult, 2 children",2150,GBP,,,1950,GBP
250,109,Godolphin,Adult,1100,GBP,,,1000,GBP
251,109,Godolphin,Child,550,GBP,,,500,GBP
252,109,Godolphin,Family,2750,GBP,,,2500,GBP
253,109,Godolphin,"1 adult, 2 children",1650,GBP,,,1500,GBP
254,109,Godolphin,Adult,,,15,Group,950,GBP
255,109,Godolphin,Child,,,15,Group,470,GBP
256,116,Admission,Adult,1050,GBP,,,950,GBP
257,116,Admission,Child,523,GBP,,,475,GBP
258,116,Admission,Family,2620,GBP,,,2375,GBP
259,116,Admission,Family 1 Adult,,,,,1425,GBP
260,116,Admission,Adult,,,15,Group,903,GBP
261,116,Admission,Child,,,15,Group,451,GBP
262,112,Museum & Gardens,Adult,1210,GBP,,,1100,GBP
263,112,Museum & Gardens,Child,610,GBP,,,550,GBP
264,112,Museum & Gardens,Family,3030,GBP,,,2750,GBP
265,112,Museum & Gardens,"1 adult, 2 children",1820,GBP,,,1650,GBP
266,118,Guided Tour,Adult,,,,,800,GBP
267,118,Guided Tour,Child,,,,,400,GBP
268,117,Whole Property,Adult,1430,GBP,,,1300,GBP
269,117,Whole Property,Child,720,GBP,,,650,GBP
270,117,Whole Property,Family,3580,GBP,,,3250,GBP
271,117,Whole Property,1 adult 2 children,2150,GBP,,,1950,GBP
272,117,Whole Property,Adult,,,0,Group,1235,GBP
273,117,Whole Property,Child,,,0,Group,618,GBP
274,122,Parkland entry charge,Per car (includes NT members) from ,,,,,800,GBP
275,122,"Mansion, Gardens & Farm (Single attraction entry)",Adult,,,,,800,GBP
276,122,"Mansion, Gardens & Farm (Single attraction entry)",Child,,,,,600,GBP
277,122,"Mansion, Gardens & Farm (Single attraction entry)",Family,,,,,2100,GBP
278,122,"Mansion, Gardens & Farm (Single attraction entry)","1 adult, up to 3 children ",,,,,1500,GBP
279,122,"Mansion, Gardens & Farm (Single attraction entry)",Adult,,,15,Group,700,GBP
280,122,"Mansion, Gardens & Farm (Single attraction entry)",Child,,,15,Group,500,GBP
281,120,Car park,Whole day,,,,,800,GBP
282,127,"Inner Farne March, April and August to September",Adult,,,,,820,GBP
283,127,"Inner Farne March, April and August to September",Child,,,,,410,GBP
284,127,"Inner Farne March, April and August to September",Family,,,,,2050,GBP
285,127,"Inner Farne March, April and August to September",Family one adult,,,,,1230,GBP
286,127,"Inner Farne May, June, July",Adult,,,,,1260,GBP
287,127,"Inner Farne May, June, July",Child,,,,,630,GBP
288,127,"Inner Farne May, June, July",Family,,,,,3150,GBP
289,127,"Inner Farne May, June, July",Family one adult,,,,,1890,GBP
290,127,Staple Island 1 May - 31 July,Adult,,,,,1260,GBP
291,127,Staple Island 1 May - 31 July,Child,,,,,630,GBP
292,127,Staple Island 1 May - 31 July,Family,,,,,3150,GBP
293,127,Staple Island 1 May - 31 July,Family 1 adult,,,,,1890,GBP
294,131,Whole Property,Adult,940,GBP,,,850,GBP
295,131,Whole Property,Child,470,GBP,,,425,GBP
296,131,Whole Property,Family,2340,GBP,,,2125,GBP
297,131,Whole Property,1 adult,1410,GBP,,,1275,GBP
298,132,Whole Property Price,Adult,1430,GBP,,,1300,GBP
299,132,Whole Property Price,Child,720,GBP,,,650,GBP
300,132,Whole Property Price,Family,3580,GBP,,,3250,GBP
301,132,Whole Property Price,1 adult family,2150,GBP,,,1950,GBP
302,132,Whole Property Price,Pre-booked School Visits per pupil,,,,,400,GBP
303,132,Whole Property Price,Adult,,,15,Group,1200,GBP
304,133,summer holiday car park charge,,,,,,700,GBP
305,133,summer holiday oversize vehicle car park charge,,,,,,1400,GBP
306,133,summer holiday motorbike car park charge,,,,,,250,GBP
307,133,main season car park charge,,,,,,500,GBP
308,133,coach parking charge MINIMUM FEE,,,,,,2500,GBP
309,133,minibus parking charge MINIMUM FEE,,,,,,2500,GBP
310,133,oversize vehicle car park charge,,,,,,1000,GBP
311,133,motorbike car park charge,,,,,,250,GBP
312,135,Car park,2 hours ,,,,,200,GBP
313,135,Castle and gardens ,Adult,1430,GBP,,,1300,GBP
314,135,Castle and gardens ,Child,720,GBP,,,650,GBP
315,135,Castle and gardens ,Family,3580,GBP,,,3250,GBP
316,135,Castle and gardens ,1 adult 2 children ,2150,GBP,,,1950,GBP
317,135,Garden only (October - March),Adult,,,,,650,GBP
318,135,Garden only (October - March),Child,,,,,350,GBP
319,135,Garden only (October - March),Family,,,,,1625,GBP
320,135,Garden only (October - March),1 adult 2 children ,,,,,975,GBP
321,140,Visitor Experience,Adult,,,,,1300,GBP
322,140,Visitor Experience,Child,,,,,650,GBP
323,140,Visitor Experience,Family,,,,,3250,GBP
324,140,Visitor Experience,One Adult Family,,,,,1950,GBP
325,140,Causeway Coast Way Car Park,Price per car,,,,,1000,GBP
326,142,Garden,Adult,1210,GBP,,,1100,GBP
327,142,Garden,Child,610,GBP,,,550,GBP
328,142,Garden,Family,3030,GBP,,,2750,GBP
329,142,Garden,1 adult family,1820,GBP,,,1650,GBP
330,142,Garden,Adult,,,0,Group,1050,GBP
331,145,Ham House and Garden,Adult,830,GBP,,,750,GBP
332,145,Ham House and Garden,Child,420,GBP,,,375,GBP
333,145,Ham House and Garden,Family,2070,GBP,,,1875,GBP
334,145,Ham House and Garden,Family 1 Adult,1240,GBP,,,1125,GBP
335,143,House and garden ,Adult,1430,GBP,,,1300,GBP
336,143,House and garden ,Child,720,GBP,,,650,GBP
337,143,House and garden ,Family,3580,GBP,,,3250,GBP
338,143,House and garden ,"1 adult, 2 children",2150,GBP,,,1950,GBP
339,143,Garden ,Adult,990,GBP,,,900,GBP
340,143,Garden ,Child,500,GBP,,,450,GBP
341,143,Garden ,Family,2480,GBP,,,2250,GBP
342,143,Garden ,"1 adult, 2 children",1490,GBP,,,1350,GBP
343,146,Whole property,Adult,940,GBP,,,850,GBP
344,146,Whole property,Child,490,GBP,,,440,GBP
345,146,Whole property,Family,2340,GBP,,,2125,GBP
346,146,Whole property,"1 adult, 2 children ",1410,GBP,,,1275,GBP
347,147,General Admission ,Adult,1430,GBP,,,1300,GBP
348,147,General Admission ,Child,720,GBP,,,650,GBP
349,147,General Admission ,Family,3580,GBP,,,3250,GBP
350,147,General Admission ,One adult family,2180,GBP,,,1950,GBP
351,150,Admission,Adult,1430,GBP,,,1300,GBP
352,150,Admission,Child,720,GBP,,,650,GBP
353,150,Admission,Family,3580,GBP,,,3250,GBP
354,150,Admission,Family (1 adult),2150,GBP,,,1950,GBP
355,154,Max 4 hours,,,,,,350,GBP
356,154,All day,,,,,,500,GBP
357,155,Whole property,Adult,,,,,400,GBP
358,155,Whole property,Child,,,,,200,GBP
359,153,NAM 2022 Prices,Adult,650,GBP,,,585,GBP
360,153,NAM 2022 Prices,Child,325,GBP,,,290,GBP
361,153,NAM 2022 Prices,Family,1625,GBP,,,1460,GBP
362,153,NAM 2022 Prices,"Family, 1 adult",975,GBP,,,875,GBP
363,157,Car park,Whole day,,,,,800,GBP
364,158,Whole property,Adult,1430,GBP,,,1300,GBP
365,158,Whole property,Child,720,GBP,,,650,GBP
366,158,Whole property,Family,3580,GBP,,,3250,GBP
367,158,Whole property,Family one adult ,2150,GBP,,,1950,GBP
368,158,Whole property,Adult,,,15,Group,1235,GBP
369,158,Whole property,Child,,,15,Group,610,GBP
370,161,Whole property,Adult,1210,GBP,,,1100,GBP
371,161,Whole property,Child,610,GBP,,,550,GBP
372,161,Whole property,Family,3030,GBP,,,2750,GBP
373,161,Whole property,1 adult family,1820,GBP,,,1650,GBP
374,160,Whole property,Adult,660,GBP,,,600,GBP
375,160,Whole property,Child,330,GBP,,,300,GBP
376,160,Whole property,Family,1650,GBP,,,1500,GBP
377,160,Whole property,Adult,,,10,Group,540,GBP
378,160,Whole property,Child,,,10,Group,270,GBP
379,165,Claydon House and South Lawn,Adult,1100,GBP,,,1000,GBP
380,165,Claydon House and South Lawn,Child,550,GBP,,,500,GBP
381,165,Claydon House and South Lawn,Family,2750,GBP,,,2500,GBP
382,165,Claydon House and South Lawn,Family One Adult,1650,GBP,,,1500,GBP
383,164,Rope Bridge,Adult,,,,,1300,GBP
384,164,Rope Bridge,Child,,,,,650,GBP
385,164,Rope Bridge,Family,,,,,3250,GBP
386,164,Rope Bridge,One Adult Family,,,,,1950,GBP
387,166,Cars,Car,,,,,500,GBP
388,166,Motorcycle,Motorcycle,,,,,100,GBP
389,166,Booked Coaches ,Booked Coaches,,,,,1500,GBP
390,166,Unbooked Coaches ,Unbooked Coaches,,,,,1500,GBP
391,169,Whole property,Adult,,,,,500,GBP
392,169,Whole property,Child,,,,,250,GBP
393,169,Whole property,Family,,,,,1250,GBP
394,169,Whole property,"1 adult, up to 3 children",,,,,750,GBP
395,169,Whole property,Adult,,,10,Group,475,GBP
396,169,Whole property,Child,,,10,Group,238,GBP
397,170,House and Garden (Peak season),Adult,1320,GBP,,,1200,GBP
398,170,House and Garden (Peak season),Child,660,GBP,,,600,GBP
399,170,House and Garden (Peak season),Family,3300,GBP,,,3000,GBP
400,170,House and Garden (Peak season),"1 adult, 2 children ",1980,GBP,,,1800,GBP
401,170,Garden only (Peak season),Adult,1320,GBP,,,1200,GBP
402,170,Garden only (Peak season),Child,660,GBP,,,600,GBP
403,170,Garden only (Peak season),Family,3300,GBP,,,3000,GBP
404,170,Garden only (Peak season),"1 adult, 2 children ",1980,GBP,,,1800,GBP
405,170,House and Garden (off peak),Adult,1320,GBP,,,1200,GBP
406,170,House and Garden (off peak),Child,660,GBP,,,600,GBP
407,170,House and Garden (off peak),Family,3300,GBP,,,3000,GBP
408,170,House and Garden (off peak),"1 adult, 2 children ",1980,GBP,,,1800,GBP
409,170,Garden only (off peak) ,Adult,940,GBP,,,850,GBP
410,170,Garden only (off peak) ,Child,470,GBP,,,425,GBP
411,170,Garden only (off peak) ,Family,2340,GBP,,,2125,GBP
412,170,Garden only (off peak) ,"1 adult, 2 children ",1980,GBP,,,1800,GBP
413,172,Garden,Adult,1430,GBP,,,1300,GBP
414,172,Garden,Child,720,GBP,,,650,GBP
415,172,Garden,Family,3580,GBP,,,3250,GBP
416,172,Garden,"1 adult, up to 3 children (aged 5-17)",2150,GBP,,,1950,GBP
417,172,Parking,Car,,,,,500,GBP
418,171,"Anglesey Abbey, Gardens and Lode Mill",Adult,1650,GBP,,,1500,GBP
419,171,"Anglesey Abbey, Gardens and Lode Mill",Child,830,GBP,,,750,GBP
420,171,"Anglesey Abbey, Gardens and Lode Mill",Family,4130,GBP,,,3750,GBP
421,171,"Anglesey Abbey, Gardens and Lode Mill",1 adult and up to 3 children,2480,GBP,,,2250,GBP
422,171,"Off Peak (Jan, Aug, Nov & After 2pm Daily)",Adult,1100,GBP,,,1000,GBP
423,171,"Off Peak (Jan, Aug, Nov & After 2pm Daily)",Child,550,GBP,,,500,GBP
424,171,"Off Peak (Jan, Aug, Nov & After 2pm Daily)",Family,2750,GBP,,,2500,GBP
425,171,"Off Peak (Jan, Aug, Nov & After 2pm Daily)",1 adult and up to 3 children,1650,GBP,,,1500,GBP
426,177,2022,Adult,1100,GBP,,,1000,GBP
427,177,2022,Child,550,GBP,,,500,GBP
428,177,2022,Family,2750,GBP,,,2500,GBP
429,177,2022,Adult,,,0,Group,900,GBP
430,177,2022,Child,,,0,Group,450,GBP
431,178,Gardens,Adult,1430,GBP,,,1300,GBP
432,178,Gardens,Child,720,GBP,,,650,GBP
433,178,Gardens,Family,3580,GBP,,,3250,GBP
434,178,Gardens,One adult and up to three children,2150,GBP,,,1950,GBP
435,180,House and Garden,Adult,1100,GBP,,,1000,GBP
436,180,House and Garden,Child,550,GBP,,,500,GBP
437,180,House and Garden,Family,2750,GBP,,,2250,GBP
438,180,House and Garden,1 Adult family,1650,GBP,,,1500,GBP
439,180,House and Garden,Adult,,,15,Group,950,GBP
440,180,House and Garden,Child,,,15,Group,475,GBP
441,182,Car park,Whole day (1 March - 31 October),,,,,800,GBP
442,192,"Garden, park, house, chapel, café and shop",Adult,1430,GBP,,,1300,GBP
443,192,"Garden, park, house, chapel, café and shop",Child,720,GBP,,,650,GBP
444,192,"Garden, park, house, chapel, café and shop",Family,3580,GBP,,,3250,GBP
445,192,"Garden, park, house, chapel, café and shop","1 adult, 3 children",2150,GBP,,,1950,GBP
446,192,"Garden, park, house, chapel, café and shop",Adult,,,15,Group,1240,GBP
447,192,"Garden, park, house, chapel, café and shop",Child,,,15,Group,620,GBP
448,194,Max 4 hours,,,,,,350,GBP
449,194,All day,,,,,,500,GBP
450,196,Whole property,Adult,,,,,1100,GBP
451,196,Whole property,Child,,,,,550,GBP
452,196,Whole property,Family,,,,,2750,GBP
453,196,Whole property,1 adult family,,,,,1650,GBP
454,199,Admission (until 30 Oct),Adult,2310,GBP,,,2100,GBP
455,199,Admission (until 30 Oct),Child,1155,GBP,,,1050,GBP
456,199,Admission (until 30 Oct),Family,5775,GBP,,,5250,GBP
457,199,Admission (until 30 Oct),Family (1 adult),3465,GBP,,,3150,GBP
458,199,Admission (from 31 October) ,Adult,1100,GBP,,,1000,GBP
459,199,Admission (from 31 October) ,Child,550,GBP,,,500,GBP
460,199,Admission (from 31 October) ,Family,2750,GBP,,,2500,GBP
461,199,Admission (from 31 October) ,Family (1 adult),1650,GBP,,,1500,GBP
462,200,Car park,Whole day,,,,,800,GBP
463,201,Whole property,Adult,1320,GBP,,,1200,GBP
464,201,Whole property,Child,660,GBP,,,600,GBP
465,201,Whole property,Family,3300,GBP,,,3000,GBP
466,201,Whole property,,1960,GBP,,,1800,GBP
467,201,Whole property,Adult,,,15,Group,1140,GBP
468,201,Whole property,Child,,,15,Group,570,GBP
469,202,Garden,Adult,660,GBP,,,600,GBP
470,202,Garden,Child,330,GBP,,,300,GBP
471,202,Garden,Family,1650,GBP,,,1500,GBP
472,202,Garden,Family 1 adult,990,GBP,,,900,GBP
473,204,Whole property,Adult,660,GBP,,,600,GBP
474,204,Whole property,Child,330,GBP,,,300,GBP
475,204,Whole property,Family,1650,GBP,,,1500,GBP
476,204,Whole property,Adult,,,10,Group,500,GBP
477,204,Whole property,Child,,,10,Group,250,GBP
478,206,Fort,Adult,,,,,500,GBP
479,206,Fort,Child,,,,,250,GBP
480,206,Fort,Family,,,,,1250,GBP
481,207,Garden only,Adult,,,,,800,GBP
482,207,Garden only,Child,,,,,400,GBP
483,207,Garden only,Family,,,,,2000,GBP
484,207,Garden only,"1 adult, up to 3 children",,,,,1200,GBP
485,207,Garden only,Adult,,,0,Group,750,GBP
486,207,Garden only,Child,,,0,Group,350,GBP
487,207,Manor and Garden,Adult,,,,,1100,GBP
488,207,Manor and Garden,Child,,,,,550,GBP
489,207,Manor and Garden,Family,,,,,2750,GBP
490,207,Manor and Garden,"1 adult, up to 3 children",,,,,1650,GBP
491,207,Manor and Garden,Adult,,,0,Group,1000,GBP
492,207,Manor and Garden,Child,,,0,Group,500,GBP
493,211,Whole property,Adult,,,,,350,GBP
494,211,Whole property,Child,,,,,250,GBP
495,212,Garden,Adult,1540,GBP,,,1400,GBP
496,212,Garden,Child,770,GBP,,,700,GBP
497,212,Garden,Family,3850,GBP,,,3500,GBP
498,212,Garden,"Family, 1 adult 3 children",2310,GBP,,,2100,GBP
499,218,Whole property,Adult,1540,GBP,,,1400,GBP
500,218,Whole property,Child,770,GBP,,,700,GBP
501,218,Whole property,Family,3850,GBP,,,3500,GBP
502,218,Whole property,"Family 1 adult, 2 children",2310,GBP,,,2100,GBP
503,218,Whole property,Car parking (non-members),,,,,400,GBP
504,218,Whole property,Adult,,,15,Group,1330,GBP
505,218,Whole property,Child,,,15,Group,665,GBP
506,216,Day ticket,Adult,1980,GBP,,,1800,GBP
507,216,Day ticket,Child,990,GBP,,,900,GBP
508,216,Day ticket,Family,4950,GBP,,,4500,GBP
509,216,Day ticket,Family one adult,2970,GBP,,,2700,GBP
510,220,Non-member admission from 1 January 2022,Adult,1430,GBP,,,1300,GBP
511,220,Non-member admission from 1 January 2022,Child,720,GBP,,,650,GBP
512,220,Non-member admission from 1 January 2022,Family,3580,GBP,,,3250,GBP
513,220,Non-member admission from 1 January 2022,Family (One Adult),2180,GBP,,,1950,GBP
514,222,Garden and Studio,Adult,1540,GBP,,,1400,GBP
515,222,Garden and Studio,Child,770,GBP,,,700,GBP
516,222,Garden and Studio,Family,3850,GBP,,,3500,GBP
517,222,Garden and Studio,One adult and up to three children,2310,GBP,,,2100,GBP
518,222,"House, Garden and Studio",Adult,2200,GBP,,,2000,GBP
519,222,"House, Garden and Studio",Child,1100,GBP,,,1000,GBP
520,222,"House, Garden and Studio",Family,5500,GBP,,,5000,GBP
521,222,"House, Garden and Studio",One adult and up to three children,3300,GBP,,,3000,GBP
522,224,General Admission,Adult,880,GBP,,,800,GBP
523,224,General Admission,Child,440,GBP,,,400,GBP
524,224,General Admission,Family,2200,GBP,,,2000,GBP
525,224,General Admission,Family (One Adult),1320,GBP,,,1200,GBP
526,224,General Admission,Adult,,,0,Group,760,GBP
527,225,Garden & estate,Adult,,,,,900,GBP
528,225,Garden & estate,Child,,,,,450,GBP
529,225,Garden & estate,Family,,,,,2250,GBP
530,225,Garden & estate,"One adult, two children",,,,,1350,GBP
531,228,Garden,Adult,830,GBP,,,750,GBP
532,228,Garden,Child,420,GBP,,,375,GBP
533,228,Garden,Family,2070,GBP,,,1875,GBP
534,228,Garden,Adult,,,10,Group,675,GBP
535,228,Garden,Child,,,10,Group,340,GBP
536,232,Whole property from 1st March 2022,Adult,1430,GBP,,,1300,GBP
537,232,Whole property from 1st March 2022,Child,720,GBP,,,650,GBP
538,232,Whole property from 1st March 2022,Family,3580,GBP,,,3250,GBP
539,232,Whole property from 1st March 2022,Family one adult ,2150,GBP,,,1950,GBP
540,232,Whole property from 1st March 2022,Adult,,,0,Group,1250,GBP
541,232,Whole property from 1st March 2022,Child,,,0,Group,600,GBP
542,235,Whole property,Adult,,,,,550,GBP
543,235,Whole property,Child,,,,,275,GBP
544,235,Whole property,Family,,,,,1375,GBP
545,235,Whole property,Family One Adult,,,,,825,GBP
546,234,Mansion house and gardens ,Adult,1210,GBP,,,1100,GBP
547,234,Mansion house and gardens ,Child,610,GBP,,,550,GBP
548,234,Mansion house and gardens ,Family,3030,GBP,,,2750,GBP
549,234,Mansion house and gardens ,One adult and up to three children,1820,GBP,,,1650,GBP
550,239,Whole property,Adult,660,GBP,,,600,GBP
551,239,Whole property,Child,330,GBP,,,300,GBP
552,239,Whole property,Family,1650,GBP,,,1500,GBP
553,239,Whole property,"Family, one adult",990,GBP,,,900,GBP
554,239,Whole property,Adult,,,0,Group,485,GBP
555,236,"Whole Estate - Hall, Garden, Park and Farm",Adult,1980,GBP,,,1800,GBP
556,236,"Whole Estate - Hall, Garden, Park and Farm",Child,990,GBP,,,900,GBP
557,236,"Whole Estate - Hall, Garden, Park and Farm",Family,4950,GBP,,,4500,GBP
558,236,"Whole Estate - Hall, Garden, Park and Farm",One adult family ,2970,GBP,,,2700,GBP
559,236,Gardens and Parkland ,Adult,990,GBP,,,900,GBP
560,236,Gardens and Parkland ,Child,495,GBP,,,450,GBP
561,236,Gardens and Parkland ,Family,2475,GBP,,,2250,GBP
562,236,Gardens and Parkland ,One adult family ,1485,GBP,,,1350,GBP
563,240,"Whole Estate Ticket - House, Gardens and Parkland",Adult,1210,GBP,,,1100,GBP
564,240,"Whole Estate Ticket - House, Gardens and Parkland",Child,610,GBP,,,550,GBP
565,240,"Whole Estate Ticket - House, Gardens and Parkland",Family,3030,GBP,,,2750,GBP
566,240,"Whole Estate Ticket - House, Gardens and Parkland",1 Adult and up to 3 children,1820,GBP,,,1650,GBP
567,240,"Whole Estate Ticket - House, Gardens and Parkland",Adult,,,12,Group,1045,GBP
568,240,"Whole Estate Ticket - House, Gardens and Parkland",Child,,,12,Group,523,GBP
569,243,Whole property,Adult,,,,,650,GBP
570,243,Whole property,Child,,,,,325,GBP
571,243,Whole property,Family,,,,,1625,GBP
572,243,Whole property,Family one adult ,,,,,975,GBP
573,244,House and Gardens ,Adult,1050,GBP,,,950,GBP
574,244,House and Gardens ,Child,525,GBP,,,475,GBP
575,244,House and Gardens ,Family,2620,GBP,,,2375,GBP
576,244,House and Gardens ,1 Adult Family,1570,GBP,,,1425,GBP
577,244,Gardens only ,Adult,550,GBP,,,500,GBP
578,244,Gardens only ,Child,275,GBP,,,250,GBP
579,244,Gardens only ,Family,1375,GBP,,,1250,GBP
580,244,Gardens only ,1 Adult Family,825,GBP,,,750,GBP
581,249,Crook Hall Gardens,Adult,880,GBP,,,800,GBP
582,249,Crook Hall Gardens,Child,440,GBP,,,400,GBP
583,249,Crook Hall Gardens,Family,2200,GBP,,,2000,GBP
584,249,Crook Hall Gardens,Family one adult,1320,GBP,,,1200,GBP
585,249,Crook Hall Gardens,Adult,,,15,Group,760,GBP
586,249,Crook Hall Gardens,Child,,,15,Group,380,GBP
587,252,Admission,Adult,1650,GBP,,,1500,GBP
588,252,Admission,Child,830,GBP,,,750,GBP
589,252,Admission,Family,4130,GBP,,,3750,GBP
590,252,Admission,1 adult family,2480,GBP,,,2250,GBP
591,254,Hill Top House & Garden,Adult,1540,GBP,,,1400,GBP
592,254,Hill Top House & Garden,Child,770,GBP,,,700,GBP
593,254,Hill Top House & Garden,Family,3850,GBP,,,3500,GBP
594,254,Hill Top House & Garden,Family 1 Adult ,2310,GBP,,,2100,GBP
595,256,Admission 2022,Adult,,,,,800,GBP
596,256,Admission 2022,Child,,,,,400,GBP
597,256,Admission 2022,Family,,,,,2000,GBP
598,256,Admission 2022,"1 adult, 2 children",,,,,1600,GBP
599,257,Whole Property,Adult,880,GBP,,,800,GBP
600,257,Whole Property,Child,440,GBP,,,400,GBP
601,257,Whole Property,Family,2200,GBP,,,2000,GBP
602,257,Whole Property,One adult family,1320,GBP,,,1200,GBP
603,257,Whole Property,Adult,,,15,Group,720,GBP
604,257,Whole Property,Child,,,15,Group,360,GBP
605,260,Whole property,Adult,,,,,650,GBP
606,260,Whole property,Child,,,,,325,GBP
607,260,Whole property,Family,,,,,1625,GBP
608,260,Whole property,"Family, one adult",,,,,975,GBP
609,261,Car park,Whole day,,,,,800,GBP
610,262,Whole property,Adult,880,GBP,,,800,GBP
611,262,Whole property,Child,440,GBP,,,400,GBP
612,262,Whole property,Family,2200,GBP,,,2000,GBP
613,262,Whole property,1 adult and up to 3 children,1320,GBP,,,1200,GBP
614,265,Whole property,Adult,830,GBP,,,750,GBP
615,265,Whole property,Child,420,GBP,,,375,GBP
616,265,Whole property,Family,2070,GBP,,,1875,GBP
617,265,Whole property,Family one adult,1240,GBP,,,1125,GBP
618,265,Whole property,Adult,,,15,Group,715,GBP
619,265,Whole property,Child,,,15,Group,360,GBP
620,267,Whole property,Adult,,,,,1495,GBP
621,267,Whole property,Child,,,,,750,GBP
622,270,Admission 2022,Adult,1430,GBP,,,1300,GBP
623,270,Admission 2022,Child,720,GBP,,,650,GBP
624,270,Admission 2022,Family,3580,GBP,,,3250,GBP
625,270,Admission 2022,One adult family,2150,GBP,,,1950,GBP
626,270,Admission 2022,Adult,,,0,Group,1235,GBP
627,271,Entrance ticket,Adult,1210,GBP,,,1100,GBP
628,271,Entrance ticket,Child,605,GBP,,,550,GBP
629,271,Entrance ticket,Family,3025,GBP,,,2750,GBP
630,271,Entrance ticket,"1 adult, 2 children",1815,GBP,,,1650,GBP
631,271,Entrance ticket,Adult,,,0,Group,990,GBP
632,275,Whole property ,Adult,1650,GBP,,,1500,GBP
633,275,Whole property ,Child,830,GBP,,,750,GBP
634,275,Whole property ,Family,4130,GBP,,,3750,GBP
635,275,Whole property ,"1 adult, 2 children",2480,GBP,,,2250,GBP
636,274,National Trust Member,Adult,,,,,1000,GBP
637,274,National Trust Member,Child,,,,,500,GBP
638,274,Non-National Trust member,Adult,,,,,2900,GBP
639,274,Non-National Trust member,Child,,,,,1400,GBP
640,277,"Castle, garden and watermill",Adult,1430,GBP,,,1300,GBP
641,277,"Castle, garden and watermill",Child,720,GBP,,,650,GBP
642,277,"Castle, garden and watermill",Family,3580,GBP,,,3250,GBP
643,277,"Castle, garden and watermill","1 adult, up to 3 children",2150,GBP,,,1950,GBP
644,278,Portstewart Strand,Adult,,,,,350,GBP
645,279,March - October,Adult,1320,GBP,,,1200,GBP
646,279,March - October,Child,660,GBP,,,600,GBP
647,279,March - October,Family,3300,GBP,,,3000,GBP
648,279,March - October,Family 1 adult,1980,GBP,,,1800,GBP
649,279,From November,Adult,1100,GBP,,,1000,GBP
650,279,From November,Child,550,GBP,,,500,GBP
651,279,From November,Family,2750,GBP,,,2500,GBP
652,279,From November,Family 1 adult,1650,GBP,,,1500,GBP
653,281,Whole property,Adult,,,,,440,GBP
654,281,Whole property,Child,,,,,220,GBP
655,281,Whole property,Family,,,,,1100,GBP
656,282,Chapel and exhibition,Adult,1000,GBP,,,900,GBP
657,282,Chapel and exhibition,Child,500,GBP,,,450,GBP
658,282,Chapel and exhibition,Family,2500,GBP,,,2250,GBP
659,282,Chapel and exhibition,,,,,,1800,GBP
660,288,Whole Property March 1- Dec 31,Adult,,,,,1000,GBP
661,288,Whole Property March 1- Dec 31,Child,,,,,500,GBP
662,288,Whole Property March 1- Dec 31,Family,,,,,2500,GBP
663,288,Whole Property March 1- Dec 31,"Family, 1 adult",,,,,1500,GBP
664,291,Whole site,Adult,1650,GBP,,,1500,GBP
665,291,Whole site,Child,830,GBP,,,750,GBP
666,291,Whole site,Family,4130,GBP,,,3750,GBP
667,291,Whole site,"1 adult, 2 children",2480,GBP,,,2250,GBP
668,291,Whole site,Adult,,,0,Group,1425,GBP
669,291,Whole site,Child,,,0,Group,710,GBP
670,292,Whole property,Adult,1210,GBP,,,1100,GBP
671,292,Whole property,Child,610,GBP,,,550,GBP
672,292,Whole property,Family,3030,GBP,,,2750,GBP
673,292,Whole property,Up to three children aged 5-17,1820,GBP,,,1650,GBP
674,292,Whole property,Adult,,,15,Group,1000,GBP
675,292,Whole property,Child,,,15,Group,500,GBP
676,296,House and garden,Adult,1540,GBP,,,1400,GBP
677,296,House and garden,Child,770,GBP,,,700,GBP
678,296,House and garden,Family,3850,GBP,,,3500,GBP
679,296,House and garden,Family with one adult,2310,GBP,,,2100,GBP
680,294,Car park,Car park all day,,,,,400,GBP
681,297,Whole estate,Adult,1100,GBP,,,1000,GBP
682,297,Whole estate,Child,550,GBP,,,500,GBP
683,297,Whole estate,Family,2750,GBP,,,2500,GBP
684,297,Whole estate,"1 adult, 2 children",1650,GBP,,,1500,GBP
685,297,Whole estate,Adult,,,0,Group,700,GBP
686,297,Whole estate,Child,,,0,Group,450,GBP
687,295,Alexander Keiller Museum,Adult,550,GBP,,,500,GBP
688,295,Alexander Keiller Museum,Child,280,GBP,,,250,GBP
689,295,Alexander Keiller Museum,Family,1380,GBP,,,1250,GBP
690,295,Alexander Keiller Museum,Family with one adult,830,GBP,,,750,GBP
691,295,Alexander Keiller Museum,Adult,,,15,Group,475,GBP
692,295,Alexander Keiller Museum,Child,,,15,Group,237,GBP
693,295,Avebury Manor and Garden,Adult,1210,GBP,,,1100,GBP
694,295,Avebury Manor and Garden,Child,610,GBP,,,550,GBP
695,295,Avebury Manor and Garden,Family,3030,GBP,,,2750,GBP
696,295,Avebury Manor and Garden,Family with one adult,1820,GBP,,,1650,GBP
697,295,Avebury Manor and Garden,Adult,,,15,Group,1045,GBP
698,295,Avebury Manor and Garden,Child,,,15,Group,522,GBP
699,295,Avebury Manor Garden,Adult,550,GBP,,,500,GBP
700,295,Avebury Manor Garden,Child,280,GBP,,,250,GBP
701,295,Avebury Manor Garden,Family,1380,GBP,,,1250,GBP
702,295,Avebury Manor Garden,Family with one adult,830,GBP,,,750,GBP
703,295,Avebury Manor Garden,Adult,,,15,Group,475,GBP
704,295,Avebury Manor Garden,Child,,,15,Group,237,GBP
705,295,Avebury Manor guided tours,Adult,,,,,500,GBP
706,295,Avebury Manor guided tours,Child,,,,,250,GBP
707,295,Avebury Manor guided tours,Family,,,,,1250,GBP
708,295,Avebury Manor guided tours,Family with one adult,,,,,750,GBP
709,295,Avebury Manor guided tours,Adult,,,15,Group,475,GBP
710,295,Avebury Manor guided tours,Child,,,15,Group,237,GBP
711,295,Stone Circles tour,Adult,,,,,500,GBP
712,295,Stone Circles tour,Child,,,,,250,GBP
713,295,Stone Circles tour,Adult,,,15,Group,475,GBP
714,295,Stone Circles tour,Child,,,15,Group,237,GBP
715,298,House & garden,Adult,770,GBP,,,700,GBP
716,298,House & garden,Child,385,GBP,,,350,GBP
717,298,House & garden,Family,1930,GBP,,,1750,GBP
718,298,House & garden,Family one adult,1200,GBP,,,1050,GBP
719,298,House & garden,Adult,,,0,Group,665,GBP
720,298,House & garden,Child,,,0,Group,333,GBP
721,301,Car parking,Car Park ,,,,,500,GBP
722,301,House,Adult,880,GBP,,,800,GBP
723,301,House,Child,440,GBP,,,400,GBP
724,301,House,Family,2200,GBP,,,2000,GBP
725,301,House,"1 adult, 2 children ",,,,,1200,GBP
726,305,House and grounds,Adult,1050,GBP,,,950,GBP
727,305,House and grounds,Child,525,GBP,,,475,GBP
728,305,House and grounds,Family,2620,GBP,,,2375,GBP
729,305,House and grounds,1 adult and 3 children,1570,GBP,,,1425,GBP
730,304,Guided Experience ,Adult,,,,,850,GBP
731,304,Guided Experience ,Child,,,,,425,GBP
732,304,Guided Experience ,Family,,,,,2125,GBP
733,304,Guided Experience ,One adult family,,,,,1275,GBP
734,307,Park and Gardens,Adult,,,,,700,GBP
735,307,Park and Gardens,Child,,,,,350,GBP
736,307,Park and Gardens,Family,,,,,1750,GBP
737,307,Park and Gardens,Adult,,,15,Group,665,GBP
738,307,Park and Gardens,Child,,,15,Group,335,GBP
739,307,House,Adult,1100,GBP,,,1000,GBP
740,307,House,Child,550,GBP,,,500,GBP
741,307,House,Family,2750,GBP,,,2500,GBP
742,307,House,Adult,,,0,Group,950,GBP
743,307,House,Child,,,0,Group,475,GBP
744,309,Whole property,Adult,550,GBP,,,500,GBP
745,309,Whole property,Child,280,GBP,,,250,GBP
746,309,Whole property,Family,1380,GBP,,,1250,GBP
747,309,Whole property,1 adult family,830,GBP,,,750,GBP
748,309,Whole property,Adult,,,15,Group,450,GBP
749,312,From 1 August 2022,Adult,1540,GBP,,,1400,GBP
750,312,From 1 August 2022,Child,770,GBP,,,700,GBP
751,312,From 1 August 2022,Family,3850,GBP,,,3500,GBP
752,312,From 1 August 2022,"1 adult, 2 children",2310,GBP,,,2100,GBP
753,314,Entry price ,Adult,1430,GBP,,,1300,GBP
754,314,Entry price ,Child,720,GBP,,,650,GBP
755,314,Entry price ,Family,3580,GBP,,,3250,GBP
756,314,Entry price ,Family one adult ,2150,GBP,,,1950,GBP
757,314,Entry price ,Adult,,,15,Group,1235,GBP
758,316,Non-member admission,Adult,,,,,800,GBP
759,316,Non-member admission,Child,,,,,400,GBP
760,316,Non-member admission,Family,,,,,2000,GBP
761,316,Non-member admission,Family (1 adult),,,,,1200,GBP
762,316,Non-member car park charges,Car park,,,,,200,GBP
763,318,House,Adult,,,,,1000,GBP
764,318,House,Child,,,,,500,GBP
765,319,Whole property,Adult,1430,GBP,,,1300,GBP
766,319,Whole property,Child,720,GBP,,,650,GBP
767,319,Whole property,Family,3580,GBP,,,3250,GBP
768,319,Whole property,One adult family,2150,GBP,,,1950,GBP
769,323,Whole property,Adult,720,GBP,,,650,GBP
770,323,Whole property,Child,360,GBP,,,325,GBP
771,323,Whole property,Family,1790,GBP,,,1625,GBP
772,323,Whole property,"1 adult, up to 3 children",1080,GBP,,,975,GBP
773,322,Whole property,Adult,1100,GBP,,,1000,GBP
774,322,Whole property,Child,550,GBP,,,500,GBP
775,322,Whole property,Family,2750,GBP,,,2500,GBP
776,322,Whole property,"1 adult, 2 Children",1650,GBP,,,1500,GBP
777,322,Whole property,Adult,,,15,Group,995,GBP
778,322,Whole property,Child,,,15,Group,475,GBP
779,325,Whole property,Adult,990,GBP,,,900,GBP
780,325,Whole property,Child,500,GBP,,,450,GBP
781,325,Whole property,Family,2480,GBP,,,2250,GBP
782,325,Whole property,1 adult 2 children,1490,GBP,,,1350,GBP
783,324,Whole property 3 March - 31 October.,Adult,1100,GBP,,,1000,GBP
784,324,Whole property 3 March - 31 October.,Child,605,GBP,,,550,GBP
785,324,Whole property 3 March - 31 October.,Family,2750,GBP,,,2500,GBP
786,324,Whole property 3 March - 31 October.,Single adult family,1650,GBP,,,1500,GBP
787,326,Full Lake Cruise,Adult,,,,,2350,GBP
788,326,Full Lake Cruise,Child,,,,,1175,GBP
789,326,Full Lake Cruise,Family,,,,,5875,GBP
790,326,Full Lake Cruise,Adult,,,15,Group,2000,GBP
791,326,North Lake Cruise,Adult,,,,,1750,GBP
792,326,North Lake Cruise,Child,,,,,875,GBP
793,326,North Lake Cruise,Family,,,,,4375,GBP
794,326,North Lake Cruise,Adult,,,15,Group,1490,GBP
795,326,South Lake Cruise,Adult,,,,,1750,GBP
796,326,South Lake Cruise,Child,,,,,875,GBP
797,326,South Lake Cruise,Family,,,,,4375,GBP
798,326,South Lake Cruise,Adult,,,15,Group,1490,GBP
799,330,Stainsby Mill,Adult,610,GBP,,,550,GBP
800,330,Stainsby Mill,Child,310,GBP,,,275,GBP
801,330,Stainsby Mill,Family,1520,GBP,,,1375,GBP
802,330,Stainsby Mill,"1 Adult, 3 Children ",910,GBP,,,825,GBP
803,333,Whole property,Adult,720,GBP,,,650,GBP
804,333,Whole property,Child,360,GBP,,,325,GBP
805,333,Whole property,Family,1790,GBP,,,1625,GBP
806,334,Guided Experience,Adult,,,,,550,GBP
807,334,Guided Experience,Child,,,,,275,GBP
808,334,Guided Experience,Family,,,,,1375,GBP
809,334,Guided Experience,One-adult family,,,,,825,GBP
810,335,Walking trails,Adult,1100,GBP,,,1000,GBP
811,335,Walking trails,Child,550,GBP,,,500,GBP
812,335,Walking trails,Family,2750,GBP,,,2500,GBP
813,335,Walking trails,"Family, one adult",1650,GBP,,,1500,GBP
814,337,National Trust Stowe,Adult,1430,GBP,,,1300,GBP
815,337,National Trust Stowe,Child,720,GBP,,,650,GBP
816,337,National Trust Stowe,Family,3580,GBP,,,3250,GBP
817,337,National Trust Stowe,Family One Adult,2150,GBP,,,1950,GBP
818,339,Prices from 26 September,Adult,990,GBP,,,900,GBP
819,339,Prices from 26 September,Child,495,GBP,,,450,GBP
820,339,Prices from 26 September,Family,2475,GBP,,,2250,GBP
821,339,Prices from 26 September,"1 adult, 2 children",1485,GBP,,,1350,GBP
822,340,Hall and parkland admission,Adult,1540,GBP,,,1400,GBP
823,340,Hall and parkland admission,Child,770,GBP,,,700,GBP
824,340,Hall and parkland admission,Family,3850,GBP,,,3500,GBP
825,340,Hall and parkland admission,"1 adult, up to 3 children",2310,GBP,,,2100,GBP
826,340,Parkland admission,Adult,990,GBP,,,900,GBP
827,340,Parkland admission,Child,500,GBP,,,450,GBP
828,340,Parkland admission,Family,2480,GBP,,,2250,GBP
829,340,Parkland admission,"1 adult, up to 3 children",1490,GBP,,,1350,GBP
830,344,Guided tour,Adult,1045,GBP,,,950,GBP
831,344,Guided tour,Child,525,GBP,,,475,GBP
832,344,Guided tour,Family,2615,GBP,,,2375,GBP
833,344,Guided tour,Family (One Adult),1570,GBP,,,1425,GBP
834,344,Ground floor guided tour,Adult,850,GBP,,,750,GBP
835,344,Ground floor guided tour,Child,475,GBP,,,375,GBP
836,344,Ground floor guided tour,Family,2075,GBP,,,1875,GBP
837,344,Ground floor guided tour,Family with one adult,1250,GBP,,,1125,GBP
838,346,Castle and Garden | Castell a’r ardd,Adult,1540,GBP,,,1400,GBP
839,346,Castle and Garden | Castell a’r ardd,Child,770,GBP,,,700,GBP
840,346,Castle and Garden | Castell a’r ardd,Family,3850,GBP,,,3500,GBP
841,346,Castle and Garden | Castell a’r ardd,"1 adult, 3 children",2310,GBP,,,2100,GBP
842,346,Castle and Garden | Castell a’r ardd,Adult,,,15,Group,1330,GBP
843,346,Castle and Garden | Castell a’r ardd,Child,,,15,Group,665,GBP
844,349,Lindisfarne Castle,Adult,940,GBP,,,850,GBP
845,349,Lindisfarne Castle,Child,470,GBP,,,425,GBP
846,349,Lindisfarne Castle,Family,2340,GBP,,,2125,GBP
847,349,Lindisfarne Castle,Family one adult,1410,GBP,,,1275,GBP
848,348,Whole property,Adult,,,,,850,GBP
849,348,Whole property,Child,,,,,425,GBP
850,348,Whole property,Family,,,,,2125,GBP
851,348,Whole property,Family 1 Adult ,,,,,1275,GBP
852,352,Outdoor features and West Range building,Adult,1320,GBP,,,1200,GBP
853,352,Outdoor features and West Range building,Child,660,GBP,,,600,GBP
854,352,Outdoor features and West Range building,Family,3300,GBP,,,3000,GBP
855,357,Car parking charge (per car),Adult,,,,,500,GBP
856,357,Fan Bay Deep Shelter,Adult,,,,,1000,GBP
857,357,Fan Bay Deep Shelter,Child,,,,,500,GBP
858,358,Car park,Whole day (1 March - 31 October),,,,,800,GBP
859,359,Non-member: combined ferry and admission prices,Adult,,,,,2150,GBP
860,359,Non-member: combined ferry and admission prices,Child,,,,,1150,GBP
861,359,Non-member: combined ferry and admission prices,Family,,,,,5450,GBP
862,359,Non-member: combined ferry and admission prices,1 adult and up to 3 children (aged 5-17).,,,,,3300,GBP
863,359,National Trust Members - ferry fare only,Adult,,,,,1250,GBP
864,359,National Trust Members - ferry fare only,Child,,,,,700,GBP
865,359,National Trust Members - ferry fare only,Family,,,,,3200,GBP
866,359,National Trust Members - ferry fare only,1 adult and up to 3 children (aged 5-17),,,,,1950,GBP
867,363,"House, garden, estate (5 March - 30 October)",Adult,1650,GBP,,,1500,GBP
868,363,"House, garden, estate (5 March - 30 October)",Child,830,GBP,,,750,GBP
869,363,"House, garden, estate (5 March - 30 October)",Family,4130,GBP,,,3750,GBP
870,363,"House, garden, estate (5 March - 30 October)",Family one adult,2480,GBP,,,2250,GBP
871,363,"House, garden, estate (5 March - 30 October)",Adult,,,15,Group,1425,GBP
872,363,"Ground floor house, garden, estate (December)",Adult,1100,GBP,,,1000,GBP
873,363,"Ground floor house, garden, estate (December)",Child,550,GBP,,,500,GBP
874,363,"Ground floor house, garden, estate (December)",Family,2750,GBP,,,2500,GBP
875,363,"Ground floor house, garden, estate (December)",Family one adult,1650,GBP,,,1500,GBP
876,364,Non-member admission,Adult,1320,GBP,,,1200,GBP
877,364,Non-member admission,Child,660,GBP,,,600,GBP
878,364,Non-member admission,Family,3300,GBP,,,3000,GBP
879,364,Non-member admission,"Family, one adult",1980,GBP,,,1800,GBP
880,364,Countryside car park charges for non-members,Adult,,,,,450,GBP
881,365,House and garden admission,Adult,1000,GBP,,,900,GBP
882,365,House and garden admission,Child,500,GBP,,,450,GBP
883,365,House and garden admission,Family,2500,GBP,,,2250,GBP
884,365,House and garden admission,1 adult 2 children,1500,GBP,,,1350,GBP
885,365,Garden only,Adult,600,GBP,,,540,GBP
886,365,Garden only,Child,300,GBP,,,270,GBP
887,365,Garden only,Family,1500,GBP,,,1350,GBP
888,365,Garden only,1 Adult 2 Children,900,GBP,,,810,GBP
889,368,Garden,Adult,880,GBP,,,800,GBP
890,368,Garden,Child,440,GBP,,,400,GBP
891,368,Garden,Family,2200,GBP,,,2000,GBP
892,368,Garden,1 adult 2 children,1320,GBP,,,1200,GBP
893,368,House & Garden,Adult,1430,GBP,,,1300,GBP
894,368,House & Garden,Child,720,GBP,,,650,GBP
895,368,House & Garden,Family,3580,GBP,,,3250,GBP
896,368,House & Garden,1 adult 2 children,2150,GBP,,,1950,GBP
897,368,House & Garden,Adult,,,10,Group,1235,GBP
898,370,Whole site,Adult,1050,GBP,,,950,GBP
899,370,Whole site,Child,530,GBP,,,475,GBP
900,370,Whole site,Family,2620,GBP,,,2375,GBP
901,371,Parkland & Garden,Adult,1210,GBP,,,1100,GBP
902,371,Parkland & Garden,Child,610,GBP,,,550,GBP
903,371,Parkland & Garden,Family,3030,GBP,,,2750,GBP
904,371,Parkland & Garden,One adult family,1820,GBP,,,1650,GBP
905,371,Parkland & Garden,Adult,,,15,Group,900,GBP
906,371,Parkland & Garden,Child,,,15,Group,450,GBP
907,371,"House, Parkland & Garden",Adult,1430,GBP,,,1300,GBP
908,371,"House, Parkland & Garden",Child,715,GBP,,,650,GBP
909,371,"House, Parkland & Garden",Family,3575,GBP,,,3250,GBP
910,371,"House, Parkland & Garden",One adult family,2145,GBP,,,1950,GBP
911,371,"House, Parkland & Garden",Adult,,,15,Group,1100,GBP
912,371,"House, Parkland & Garden",Child,,,15,Group,550,GBP
913,375,Outdoor & Tower,Adult,,,,,600,GBP
914,375,Outdoor & Tower,Child,,,,,300,GBP
915,375,Outdoor & Tower,Family,,,,,1500,GBP
916,375,Outdoor & Tower,1 adult and up to 3 children,,,,,900,GBP
917,375,Outdoor & Tower,Adult,,,15,Group,570,GBP
918,375,"Outdoor, Tower & Showrooms ticket",Adult,,,,,1500,GBP
919,375,"Outdoor, Tower & Showrooms ticket",Child,,,,,750,GBP
920,375,"Outdoor, Tower & Showrooms ticket",Family,,,,,3750,GBP
921,375,"Outdoor, Tower & Showrooms ticket",1 adult and up to 3 children,,,,,2250,GBP
922,375,"Outdoor, Tower & Showrooms ticket",Adult,,,15,Group,1425,GBP
923,377,Whole property,Adult,660,GBP,,,600,GBP
924,377,Whole property,Child,330,GBP,,,300,GBP
925,377,Whole property,Family,1650,GBP,,,1500,GBP
926,378,Whole property,Adult,880,GBP,,,800,GBP
927,378,Whole property,Child,440,GBP,,,400,GBP
928,378,Whole property,Family,2200,GBP,,,2000,GBP
929,378,Whole property,Family (1 adult),1320,GBP,,,1200,GBP
930,378,Whole property,Adult,,,15,Group,760,GBP
931,378,Whole property,Child,,,15,Group,380,GBP
932,379,Car park,Whole day,,,,,800,GBP
933,380,Whole property,Adult,,,,,1000,GBP
934,380,Whole property,Child,,,,,500,GBP
935,384,Rainham Hall,Adult,550,GBP,,,500,GBP
936,384,Rainham Hall,Child,275,GBP,,,250,GBP
937,384,Rainham Hall,Family,1375,GBP,,,1250,GBP
938,384,Rainham Hall,1 adult and up to 3 children 5 -17 years,825,GBP,,,750,GBP
939,384,Rainham Hall,Adult,,,10,Group,500,GBP
940,384,Rainham Hall,Child,,,10,Group,250,GBP
941,387,Foundry,Adult,880,GBP,,,800,GBP
942,387,Foundry,Child,440,GBP,,,400,GBP
943,387,Foundry,Family,2200,GBP,,,2000,GBP
944,387,Foundry,"Family, one adult",1320,GBP,,,1200,GBP
945,386,Whole property,Adult,940,GBP,,,850,GBP
946,386,Whole property,Child,470,GBP,,,425,GBP
947,386,Whole property,Family,2340,GBP,,,2125,GBP
948,386,Whole property,Family 1 Adult ,1410,GBP,,,1275,GBP
949,388,Per person,Adult,1870,GBP,,,1700,GBP
950,388,Per person,Child,935,GBP,,,850,GBP
951,388,Per person,Family,4675,GBP,,,4250,GBP
952,388,Per person,1 adult and up to three children,2805,GBP,,,2550,GBP
953,388,Per person,Adult,,,0,Group,1590,GBP
954,388,Per person,Child,,,0,Group,795,GBP
955,394,Whole property,Adult,1210,GBP,,,1100,GBP
956,394,Whole property,Child,610,GBP,,,550,GBP
957,394,Whole property,Family,3030,GBP,,,2750,GBP
958,394,Whole property,"1 adult, 2 children",1820,GBP,,,1650,GBP
959,394,Whole property,Adult,,,15,Group,1045,GBP
960,400,"House, garden & cafe admission only",Adult,,,,,600,GBP
961,400,"House, garden & cafe admission only",Child,,,,,300,GBP
962,400,"House, garden & cafe admission only",Family,,,,,1500,GBP
963,400,"House, garden & cafe admission only","1 adult, 2 children",,,,,900,GBP
964,400,"House, garden & cafe admission only",Adult,,,0,Group,500,GBP
965,400,"House, garden & cafe admission only",Child,,,0,Group,250,GBP
966,401,Guildhall Museum ,Adult,940,GBP,,,850,GBP
967,401,Guildhall Museum ,Child,470,GBP,,,425,GBP
968,401,Guildhall Museum ,Family,2340,GBP,,,2125,GBP
969,401,Guildhall Museum ,"1 adult, 2 Children",1410,GBP,,,1275,GBP
970,401,Guildhall Museum ,Adult,,,15,Group,805,GBP
971,401,Guildhall Museum ,Child,,,15,Group,415,GBP
972,399,2022 Prices,Adult,1210,GBP,,,1100,GBP
973,399,2022 Prices,Child,610,GBP,,,550,GBP
974,399,2022 Prices,Family,3030,GBP,,,2750,GBP
975,399,2022 Prices,Family one adult,1820,GBP,,,1650,GBP
976,407,Tuesday & Wednesday (mansion closed),Adult,1430,GBP,,,1300,GBP
977,407,Tuesday & Wednesday (mansion closed),Child,715,GBP,,,650,GBP
978,407,Tuesday & Wednesday (mansion closed),Family,3575,GBP,,,3250,GBP
979,407,Tuesday & Wednesday (mansion closed),Single adult family,2145,GBP,,,1950,GBP
980,407,Thursday - Monday (mansion open) ,Adult,1760,GBP,,,1600,GBP
981,407,Thursday - Monday (mansion open) ,Child,880,GBP,,,800,GBP
982,407,Thursday - Monday (mansion open) ,Family,4400,GBP,,,4000,GBP
983,407,Thursday - Monday (mansion open) ,Single adult family,2640,GBP,,,2400,GBP
984,408,Newtown Old Town Hall,Adult,,,,,500,GBP
985,408,Newtown Old Town Hall,Child,,,,,250,GBP
986,408,Newtown Old Town Hall,Family,,,,,1250,GBP
987,411,Admission,Adult,550,GBP,,,500,GBP
988,411,Admission,Child,280,GBP,,,250,GBP
989,411,Admission,Family,1380,GBP,,,1250,GBP
990,411,Admission,Family 1 adult,,,,,750,GBP
991,415,Whole property,Adult,990,GBP,,,900,GBP
992,415,Whole property,Child,500,GBP,,,450,GBP
993,415,Whole property,Family,2480,GBP,,,2250,GBP
994,415,Whole property,Family 1 adult,1490,GBP,,,1350,GBP
995,417,2022 admission prices,Adult,2090,GBP,,,1900,GBP
996,417,2022 admission prices,Child,1050,GBP,,,950,GBP
997,417,2022 admission prices,Family,5230,GBP,,,4750,GBP
998,417,2022 admission prices,"Family, 1 adult",3140,GBP,,,2850,GBP
999,420,Garden,Adult,990,GBP,,,900,GBP
1000,420,Garden,Child,500,GBP,,,450,GBP
1001,420,Garden,Family,2480,GBP,,,2250,GBP
1002,420,Garden,Family (one adult),1490,GBP,,,1350,GBP
1003,422,Car park,Whole day,,,,,800,GBP
1004,423,Whole property,Adult,1210,GBP,,,1100,GBP
1005,423,Whole property,Child,610,GBP,,,550,GBP
1006,423,Whole property,Family,3030,GBP,,,2750,GBP
1007,423,Whole property,One Adult Family,1820,GBP,,,1650,GBP
1008,423,Whole property,Adult,,,15,Group,1045,GBP
1009,423,Whole property,Child,,,15,Group,525,GBP
1010,424,Whole property,Adult,940,GBP,,,850,GBP
1011,424,Whole property,Child,470,GBP,,,425,GBP
1012,424,Whole property,Family,2340,GBP,,,2125,GBP
1013,424,Whole property,One adult family,1410,GBP,,,1275,GBP
1014,424,Whole property,Adult,,,15,Group,750,GBP
1015,424,Whole property,Child,,,15,Group,375,GBP
1016,425,Park & Gardens,Adult,660,GBP,,,600,GBP
1017,425,Park & Gardens,Child,330,GBP,,,300,GBP
1018,425,Park & Gardens,Family,1650,GBP,,,1500,GBP
1019,425,Park & Gardens,Family 1 Adult,990,GBP,,,900,GBP
1020,425,Park & Gardens,Adult,,,15,Group,540,GBP
1021,425,Park & Gardens,Child,,,15,Group,270,GBP
1022,425,"House, Park, & Gardens",Adult,1430,GBP,,,1300,GBP
1023,425,"House, Park, & Gardens",Child,715,GBP,,,650,GBP
1024,425,"House, Park, & Gardens",Family,3580,GBP,,,3250,GBP
1025,425,"House, Park, & Gardens",Family 1 Adult,2150,GBP,,,1950,GBP
1026,427,Whole property,Adult,1210,GBP,,,1100,GBP
1027,427,Whole property,Child,610,GBP,,,550,GBP
1028,427,Whole property,Family,3030,GBP,,,2750,GBP
1029,427,Whole property,1 adult family,1820,GBP,,,1650,GBP
1030,427,Whole property,Adult,,,15,Group,1045,GBP
1031,427,Whole property,Child,,,15,Group,522,GBP
1032,428,Spring 2022,Adult,1320,GBP,,,1200,GBP
1033,428,Spring 2022,Child,660,GBP,,,600,GBP
1034,428,Spring 2022,Family,3300,GBP,,,3000,GBP
1035,428,Spring 2022,1 adult and up to 3 children,1980,GBP,,,1800,GBP
1036,428,Spring 2022,Adult,,,0,Group,1140,GBP
1037,429,Parking ,Parking ,,,,,500,GBP
1038,430,Standard price,Adult,1760,GBP,,,1600,GBP
1039,430,Standard price,Child,880,GBP,,,800,GBP
1040,430,Standard price,Family,4400,GBP,,,4000,GBP
1041,430,Standard price,Adult,,,0,Group,1520,GBP
1042,430,Off peak ,Adult,1600,GBP,,,1440,GBP
1043,430,Off peak ,Child,800,GBP,,,720,GBP
1044,430,Off peak ,Family,4000,GBP,,,3600,GBP
1045,430,Off peak ,Adult,,,0,Group,1360,GBP
1046,431,Abbey - whole property,Adult,1650,GBP,,,1500,GBP
1047,431,Abbey - whole property,Child,830,GBP,,,750,GBP
1048,431,Abbey - whole property,Family,4130,GBP,,,3750,GBP
1049,431,Abbey - whole property,"1 adult, up to 3 children",2480,GBP,,,2250,GBP
1050,431,Abbey - whole property,Adult,,,15,Group,1400,GBP
1051,431,Abbey - whole property,Child,,,15,Group,700,GBP
1052,435,Whole property,Adult,880,GBP,,,800,GBP
1053,435,Whole property,Child,440,GBP,,,400,GBP
1054,435,Whole property,Family,2200,GBP,,,2000,GBP
1055,435,Whole property,"Family one adult, two children",1320,GBP,,,1200,GBP
1056,437,Whole property,Adult,1540,GBP,,,1400,GBP
1057,437,Whole property,Child,770,GBP,,,700,GBP
1058,437,Whole property,Family,3850,GBP,,,3500,GBP
1059,437,Whole property,1 adult family,2310,GBP,,,2100,GBP
1060,437,Whole property,Adult,,,0,Group,1330,GBP
1061,437,Whole property,Child,,,0,Group,665,GBP
1062,439,Parking,up to 2 hours,,,,,600,GBP
1063,439,Parking,all day,,,,,900,GBP
1064,439,Parking ,up to 4 hours,,,,,750,GBP
1065,440,Gardens and Hall,Adult,1320,GBP,,,1200,GBP
1066,440,Gardens and Hall,Family,3300,GBP,,,3000,GBP
1067,440,Gardens and Hall,1 Adult 2 Children,1980,GBP,,,1800,GBP
1068,440,Gardens and Hall,Child,,,,,600,GBP
1069,443,Whole Property,Adult,1320,GBP,,,1200,GBP
1070,443,Whole Property,Child,660,GBP,,,600,GBP
1071,443,Whole Property,Family,3300,GBP,,,3000,GBP
1072,443,Whole Property,Family (one adult) ,1980,GBP,,,1800,GBP
1073,444,Admission,Adult,550,GBP,,,500,GBP
1074,444,Admission,Child,275,GBP,,,250,GBP
1075,444,Admission,Family,1375,GBP,,,1250,GBP
1076,444,Admission,"1 adult, 2 children",825,GBP,,,750,GBP
1077,451,Whole property,Adult,880,GBP,,,800,GBP
1078,451,Whole property,Child,440,GBP,,,400,GBP
1079,451,Whole property,Family,2200,GBP,,,2000,GBP
1080,451,Whole property,"Family one adult, two children",1320,GBP,,,1200,GBP
1081,449,Whole property,Adult,,,,,400,GBP
1082,449,Whole property,Child,,,,,200,GBP
1083,448,"House, garden and mill (5 Mar - 30 Oct)",Adult,1430,GBP,,,1300,GBP
1084,448,"House, garden and mill (5 Mar - 30 Oct)",Child,720,GBP,,,650,GBP
1085,448,"House, garden and mill (5 Mar - 30 Oct)",Family,3580,GBP,,,3250,GBP
1086,448,"House, garden and mill (5 Mar - 30 Oct)","1 adult, 2 children",2150,GBP,,,1950,GBP
1087,452,Allan Bank,Adult,,,,,650,GBP
1088,452,Allan Bank,Child,,,,,325,GBP
1089,452,Allan Bank,Family,,,,,1625,GBP
1090,452,Allan Bank,Family 1 Adult ,,,,,975,GBP
1091,450,NT Member,Adult,,,,,450,GBP
1092,450,NT Member,Child,,,,,225,GBP
1093,450,NT Member,Family,,,,,1125,GBP
1094,450,NT Member,1 Adult and up to 3 Children,,,,,675,GBP
1095,450,NT Non-Member,Adult,,,,,1200,GBP
1096,450,NT Non-Member,Child,,,,,600,GBP
1097,450,NT Non-Member,Family,,,,,3000,GBP
1098,450,NT Non-Member,1 Adult and up to 3 Children,,,,,1800,GBP
1099,455,Full Tour,Adult,,,,,1100,GBP
1100,455,Full Tour,Child,,,,,550,GBP
1101,455,Full Tour,Family,,,,,2750,GBP
1102,455,Full Tour,"Family, 1 adult",,,,,1650,GBP
1103,457,Whole property,Adult,1100,GBP,,,1000,GBP
1104,457,Whole property,Child,550,GBP,,,500,GBP
1105,457,Whole property,Family,2750,GBP,,,2500,GBP
1106,457,Whole property,1 adult family,1660,GBP,,,1500,GBP
1107,457,Whole property,Adult,,,15,Group,950,GBP
1108,457,Whole property,Child,,,15,Group,475,GBP
1109,458,Horsey Windpump,Adult,715,GBP,,,650,GBP
1110,458,Horsey Windpump,Child,385,GBP,,,350,GBP
1111,458,Horsey Windpump,Family,1815,GBP,,,1650,GBP
1112,461,Prices from March,Adult,880,GBP,,,800,GBP
1113,461,Prices from March,Child,440,GBP,,,400,GBP
1114,461,Prices from March,Family,2200,GBP,,,2000,GBP
1115,461,Prices from March,"1 adult, 2 children",1320,GBP,,,1200,GBP
1116,460,Whole Property ,Adult,990,GBP,,,900,GBP
1117,460,Whole Property ,Child,495,GBP,,,450,GBP
1118,460,Whole Property ,Family,2475,GBP,,,2250,GBP
1119,460,Whole Property ,Family (One Adult),1570,GBP,,,1425,GBP
1120,462,Car park,Whole day (1 March - 31 October),,,,,800,GBP
1121,463,Entrance charge,Per person,,,,,250,GBP
1122,465,Whole property,Adult,,,,,295,GBP
1123,465,Whole property,Child,,,,,160,GBP
1124,465,Whole property,Family,,,,,750,GBP
1125,469,Whole property,Adult,1210,GBP,,,1100,GBP
1126,469,Whole property,Child,610,GBP,,,550,GBP
1127,469,Whole property,Family,3030,GBP,,,2750,GBP
1128,469,Whole property,"Family, one adult",1820,GBP,,,1650,GBP
1129,469,Whole property,Adult,,,15,Group,1045,GBP
1130,469,Whole property,Child,,,15,Group,525,GBP
1131,466,Admission to Rock Houses for non-members,Adult,,,,,650,GBP
1132,466,Admission to Rock Houses for non-members,Child,,,,,325,GBP
1133,466,Admission to Rock Houses for non-members,Family,,,,,1625,GBP
1134,466,Admission to Rock Houses for non-members,Family (1 adult),,,,,975,GBP
1135,470,Whole Property,Adult,,,,,500,GBP
1136,470,Whole Property,Child,,,,,250,GBP
1137,470,Whole Property,Family,,,,,1250,GBP
1138,470,Whole Property,Family One Adult,,,,,750,GBP
1139,472,Mill & Bunker (combined ticket),Adult,,,,,500,GBP
1140,472,Mill & Bunker (combined ticket),Child,,,,,250,GBP
1141,472,Mill & Bunker (combined ticket),Family,,,,,1000,GBP
1142,476,House and Garden ,Adult,1210,GBP,,,1100,GBP
1143,476,House and Garden ,Child,610,GBP,,,550,GBP
1144,476,House and Garden ,Family,3030,GBP,,,2750,GBP
1145,476,House and Garden ,"1 adult, 2 children ",1820,GBP,,,1650,GBP
1146,476,Garden only ,Adult,880,GBP,,,800,GBP
1147,476,Garden only ,Child,440,GBP,,,400,GBP
1148,476,Garden only ,Family,2200,GBP,,,2000,GBP
1149,476,Garden only ,"1 adult, 2 children ",1320,GBP,,,1200,GBP
1150,475,Non-member admission to Attingham,Adult,1650,GBP,,,1500,GBP
1151,475,Non-member admission to Attingham,Child,830,GBP,,,750,GBP
1152,475,Non-member admission to Attingham,Family,4130,GBP,,,3750,GBP
1153,475,Non-member admission to Attingham,"1 adult, 3 children",2480,GBP,,,2250,GBP
1154,477,Whole property,Adult,880,GBP,,,800,GBP
1155,477,Whole property,Child,440,GBP,,,400,GBP
1156,477,Whole property,Family,2200,GBP,,,2000,GBP
1157,477,Whole property,Family (1 adult),1320,GBP,,,1200,GBP
1158,479,Grounds and Visitor Centre,Adult,715,GBP,,,650,GBP
1159,479,Grounds and Visitor Centre,Child,358,GBP,,,325,GBP
1160,479,Grounds and Visitor Centre,Family,1788,GBP,,,1625,GBP
1161,479,Grounds and Visitor Centre,Adult,,,15,Group,550,GBP
1162,481,Whole property,Adult,610,GBP,,,550,GBP
1163,481,Whole property,Child,275,GBP,,,250,GBP
1164,481,Whole property,Family,1620,GBP,,,1375,GBP
1165,481,Whole property,1 adult 3 children,910,GBP,,,825,GBP
1166,481,Whole property,Adult,,,0,Group,500,GBP
1167,481,Whole property,Child,,,0,Group,200,GBP
1168,482,Whole property,Adult,1540,GBP,,,1400,GBP
1169,482,Whole property,Child,770,GBP,,,700,GBP
1170,482,Whole property,Family,3850,GBP,,,3500,GBP
1171,482,Whole property,1 adult family,2310,GBP,,,2100,GBP
1172,482,Whole property,Adult,,,15,Group,1330,GBP
1173,482,Whole property,Child,,,15,Group,665,GBP
1174,484,Park & Gardens ,Adult,880,GBP,,,800,GBP
1175,484,Park & Gardens ,Child,440,GBP,,,400,GBP
1176,484,Park & Gardens ,Family,2200,GBP,,,2000,GBP
1177,484,Park & Gardens ,Family (1 adult),1320,GBP,,,1200,GBP
1178,484,Park & Gardens ,Adult,,,15,Group,760,GBP
1179,484,Park & Gardens ,Child,,,15,Group,380,GBP
1180,484,House & Servant Courtyard ,Adult,660,GBP,,,600,GBP
1181,484,House & Servant Courtyard ,Child,330,GBP,,,300,GBP
1182,484,House & Servant Courtyard ,Family,1650,GBP,,,1500,GBP
1183,484,House & Servant Courtyard ,Family 1 adult,990,GBP,,,900,GBP
1184,484,House & Servant Courtyard ,Adult,,,15,Group,570,GBP
1185,484,House & Servant Courtyard ,Child,,,15,Group,285,GBP
1186,485,Car parking (all day),Adult,,,,,600,GBP
1187,486,Car Park,Car,,,,,650,GBP
1188,487,Whole site,Adult,1430,GBP,,,1300,GBP
1189,487,Whole site,Child,715,GBP,,,650,GBP
1190,487,Whole site,Family,3575,GBP,,,3250,GBP
1191,487,Whole site,Family 1 adult,2145,GBP,,,1950,GBP
1192,487,Whole site,Adult,,,10,Group,1235,GBP
1193,487,Whole site,Child,,,10,Group,570,GBP
1194,492,House and garden (5 Mar - 30 Oct),Adult,1430,GBP,,,1300,GBP
1195,492,House and garden (5 Mar - 30 Oct),Child,720,GBP,,,650,GBP
1196,492,House and garden (5 Mar - 30 Oct),Family,3580,GBP,,,3250,GBP
1197,492,House and garden (5 Mar - 30 Oct),"1 adult, 2 children",2150,GBP,,,1950,GBP
1198,493,Admission to Wilderhope Manor for non-members,Adult,,,,,360,GBP
1199,493,Admission to Wilderhope Manor for non-members,Child,,,,,180,GBP
1200,493,Admission to Wilderhope Manor for non-members,Family,,,,,880,GBP
1201,491,Grounds - 6 Jan - 30 Oct 2022,Adult,,,,,1320,GBP
1202,491,Grounds - 6 Jan - 30 Oct 2022,Child,,,,,660,GBP
1203,491,House & Grounds - 23 Mar - 23 Oct 2022,Adult,,,,,2520,GBP
1204,491,House & Grounds - 23 Mar - 23 Oct 2022,Child,,,,,1260,GBP
1205,495,Grounds only,Adult,1080,GBP,,,980,GBP
1206,495,Grounds only,Child,540,GBP,,,490,GBP
1207,495,Grounds only,Family,2695,GBP,,,2450,GBP
1208,495,Grounds only,Family One Adult,1620,GBP,,,1470,GBP
1209,495,Grounds only,Adult,,,15,Group,775,GBP
1210,495,Grounds only,Child,,,15,Group,385,GBP
1211,495,House and grounds,Adult,1540,GBP,,,1400,GBP
1212,495,House and grounds,Child,770,GBP,,,700,GBP
1213,495,House and grounds,Family,3850,GBP,,,3500,GBP
1214,495,House and grounds,Family 1 Adult,2310,GBP,,,2100,GBP
1215,495,House and grounds,Adult,,,15,Group,1100,GBP
1216,495,House and grounds,Child,,,15,Group,550,GBP
1217,496,Whole Estate,Adult,,,,,1600,GBP
1218,496,Whole Estate,Child,,,,,800,GBP
1219,496,Whole Estate,Family,,,,,4000,GBP
1220,496,Whole Estate,Family 1 adult,,,,,2400,GBP
1221,499,Car park,Whole day,,,,,800,GBP
1222,498,Car park,Whole day,,,,,800,GBP
1223,507,Car park,Whole day (1 March - 31 October),,,,,800,GBP
1224,502,Whole property,Adult,1430,GBP,,,1300,GBP
1225,502,Whole property,Child,720,GBP,,,650,GBP
1226,502,Whole property,Family,3580,GBP,,,3250,GBP
1227,502,Whole property,1 adult 2 children,2150,GBP,,,1950,GBP
1228,502,Whole property,Adult,,,0,Group,1235,GBP
1229,502,Whole property,Child,,,0,Group,618,GBP
1230,509,Whole property,Adult,1430,GBP,,,1300,GBP
1231,509,Whole property,Child,720,GBP,,,650,GBP
1232,509,Whole property,Family,3580,GBP,,,3250,GBP
1233,509,Whole property,One Adult Family,2150,GBP,,,1950,GBP
1234,509,Whole property,Adult,,,15,Group,1170,GBP
1235,509,Whole property,Child,,,15,Group,585,GBP
1236,516,Manor and Garden,Adult,,,,,900,GBP
1237,516,Manor and Garden,Child,,,,,450,GBP
1238,516,Manor and Garden,Family,,,,,2250,GBP
1239,516,Manor and Garden,"1 adult, up to 3 children",,,,,1350,GBP
1240,524,Car parks,Whole day,,,,,800,GBP
1241,528,Whole property,Adult,,,,,650,GBP
1242,528,Whole property,Child,,,,,325,GBP
1243,528,Whole property,Family,,,,,1625,GBP
1244,528,Whole property,"1 adult, 2 children",,,,,975,GBP
1245,530,House & Gardens,Adult,1430,GBP,,,1300,GBP
1246,530,House & Gardens,Child,720,GBP,,,650,GBP
1247,530,House & Gardens,Family,3580,GBP,,,3250,GBP
1248,530,House & Gardens,Family 1 Adult,2150,GBP,,,1950,GBP
1249,530,House & Gardens,Adult,,,0,Group,1235,GBP
1250,530,Garden Only,Adult,830,GBP,,,750,GBP
1251,530,Garden Only,Child,420,GBP,,,375,GBP
1252,530,Garden Only,Family,2070,GBP,,,1875,GBP
1253,530,Garden Only,Family 1 Adult,1240,GBP,,,1125,GBP
1254,533,Lodge Park ,Adult,,,,,1100,GBP
1255,533,Lodge Park ,Child,,,,,550,GBP
1256,533,Lodge Park ,Family,,,,,2750,GBP
1257,533,Lodge Park ,1 adult family,,,,,1650,GBP
1258,534,Car park,Car park all day,,,,,800,GBP
1259,536,Grounds only,Adult,,,,,900,GBP
1260,536,Grounds only,Child,,,,,450,GBP
1261,536,Grounds only,Over 65s,,,,,700,GBP
1262,536,House and Grounds,Adult,,,,,1200,GBP
1263,536,House and Grounds,Child,,,,,600,GBP
1264,536,House and Grounds,Over 65s,,,,,1000,GBP
1265,537,Whole property,Adult,1430,GBP,,,1300,GBP
1266,537,Whole property,Child,720,GBP,,,650,GBP
1267,537,Whole property,Family,3580,GBP,,,3250,GBP
1268,537,Whole property,Family one adult ,2150,GBP,,,1950,GBP
1269,537,Whole property,Adult,,,15,Group,1235,GBP
1270,537,Whole property,Child,,,15,Group,610,GBP
1271,538,Garden ,Adult,940,GBP,,,850,GBP
1272,538,Garden ,Child,470,GBP,,,425,GBP
1273,538,Garden ,Family,2340,GBP,,,2125,GBP
1274,538,Garden ,Family One Adult,1410,GBP,,,1275,GBP
1275,538,Manor and Garden,Adult,1320,GBP,,,1200,GBP
1276,538,Manor and Garden,Child,660,GBP,,,600,GBP
1277,538,Manor and Garden,Family,3300,GBP,,,3000,GBP
1278,538,Manor and Garden,Family One Adult,1980,GBP,,,1800,GBP
1279,542,Whole property,Adult,,,,,900,GBP
1280,542,Whole property,Child,,,,,450,GBP
1281,542,Whole property,Family,,,,,2250,GBP
1282,542,Whole property,1 Adult Family,,,,,1350,GBP
1283,545,Whole property,Adult,1210,GBP,,,1100,GBP
1284,545,Whole property,Child,610,GBP,,,550,GBP
1285,545,Whole property,Family,3030,GBP,,,2750,GBP
1286,545,Whole property,"1 adult, 2 children",1820,GBP,,,1650,GBP
1287,545,Whole property,Adult,,,15,Group,1045,GBP
1288,548,Garden and estate,Adult,1540,GBP,,,1400,GBP
1289,548,Garden and estate,Child,770,GBP,,,700,GBP
1290,548,Garden and estate,Family,3850,GBP,,,3500,GBP
1291,548,Garden and estate,One Adult family,2310,GBP,,,2100,GBP
1292,548,Garden and estate,Adult,,,15,Group,1330,GBP
1293,548,Garden and estate,Child,,,15,Group,665,GBP
1294,547,Car park,Car Park,,,,,300,GBP
1295,547,Mill tour from 12th March,Adult,770,GBP,,,700,GBP
1296,547,Mill tour from 12th March,Child,390,GBP,,,350,GBP
1297,547,Mill tour from 12th March,Family,1930,GBP,,,1750,GBP
1298,547,Mill tour from 12th March,One adult family,1160,GBP,,,1050,GBP
1299,546,Whole property,Adult,1210,GBP,,,1100,GBP
1300,546,Whole property,Child,610,GBP,,,550,GBP
1301,546,Whole property,Family,3030,GBP,,,2750,GBP
1302,546,Whole property,1 adult family,1820,GBP,,,1650,GBP
1303,546,Whole property,Adult,,,15,Group,1045,GBP
1304,546,Whole property,Child,,,15,Group,523,GBP
1305,549,Whole property 28 March - 6 November,Adult,1650,GBP,,,1500,GBP
1306,549,Whole property 28 March - 6 November,Child,830,GBP,,,750,GBP
1307,549,Whole property 28 March - 6 November,Family,4130,GBP,,,3750,GBP
1308,549,Whole property 28 March - 6 November,One adult family,2475,GBP,,,2250,GBP
1309,549,Car parking ,Per vehicle,,,,,400,GBP
1310,550,Admission,Adult,880,GBP,,,800,GBP
1311,550,Admission,Child,440,GBP,,,400,GBP
1312,550,Admission,Family,2200,GBP,,,2000,GBP
1313,550,Admission,Family One Adult,1320,GBP,,,1200,GBP
1314,556,Whole property,Adult,1100,GBP,,,1000,GBP
1315,556,Whole property,Child,550,GBP,,,500,GBP
1316,556,Whole property,Family,2750,GBP,,,2500,GBP
1317,556,Whole property,Family 1 Adult,1650,GBP,,,1500,GBP
1318,557,House and garden open from 2 March,Adult,1100,GBP,,,1000,GBP
1319,557,House and garden open from 2 March,Child,550,GBP,,,500,GBP
1320,557,House and garden open from 2 March,Family,2750,GBP,,,2500,GBP
1321,557,House and garden open from 2 March,One adult family,1650,GBP,,,1500,GBP
1322,563,Car parking,Car park all day,,,,,600,GBP
1323,561,Whole property,Adult,830,GBP,,,750,GBP
1324,561,Whole property,Child,420,GBP,,,375,GBP
1325,561,Whole property,Family,2070,GBP,,,1875,GBP
1326,561,Whole property,Adult,,,0,Group,675,GBP
1327,561,Whole property,Child,,,0,Group,340,GBP
1328,566,Whole property,Adult,,,,,750,GBP
1329,566,Whole property,Child,,,,,375,GBP
1330,566,Whole property,Family,,,,,1875,GBP
1331,566,Whole property,1 adult max 3 children,,,,,1125,GBP
1332,567,Whole property,Adult,,,,,500,GBP
1333,567,Whole property,Child,,,,,250,GBP
1334,567,Whole property,Family,,,,,1250,GBP
1335,567,Whole property,1 adult & 2 children,,,,,750,GBP
1336,568,Whole property,Adult,990,GBP,,,900,GBP
1337,568,Whole property,Child,500,GBP,,,450,GBP
1338,568,Whole property,Family,2480,GBP,,,2250,GBP
1339,568,Whole property,1 adult 2 children,1490,GBP,,,1350,GBP
1340,570,Guided House Tour and Garden ,Adult,,,,,1000,GBP
1341,570,Guided House Tour and Garden ,Child,,,,,500,GBP
1342,570,Guided House Tour and Garden ,Family,,,,,2500,GBP
1343,570,Guided House Tour and Garden ,"1 adult, 2 children",,,,,1500,GBP
1344,570,Garden Only,Adult,,,,,500,GBP
1345,570,Garden Only,Child,,,,,250,GBP
1346,570,Garden Only,Family,,,,,1250,GBP
1347,570,Garden Only,"1 adult, 2 children",,,,,750,GBP
1348,571,General Admission ,Adult,1430,GBP,,,1300,GBP
1349,571,General Admission ,Child,720,GBP,,,650,GBP
1350,571,General Admission ,Family,3580,GBP,,,3250,GBP
1351,571,General Admission ,One adult family,2180,GBP,,,1950,GBP
1352,571,General Admission Winter,Adult,940,GBP,,,850,GBP
1353,571,General Admission Winter,Child,470,GBP,,,425,GBP
1354,571,General Admission Winter,Family,2340,GBP,,,2125,GBP
1355,571,General Admission Winter,One adult family,1410,GBP,,,1275,GBP
1356,575,Garden,Adult,990,GBP,,,900,GBP
1357,575,Garden,Child,500,GBP,,,450,GBP
1358,575,Garden,Family,2480,GBP,,,2250,GBP
1359,575,Whole property,Adult,1540,GBP,,,1400,GBP
1360,575,Whole property,Child,770,GBP,,,700,GBP
1361,575,Whole property,Family,3850,GBP,,,3500,GBP
1362,575,Whole property,Adult,,,15,Group,1330,GBP
1363,577,"Hardwick Hall, Gardens and Park",Adult,1760,GBP,,,1600,GBP
1364,577,"Hardwick Hall, Gardens and Park",Child,880,GBP,,,800,GBP
1365,577,"Hardwick Hall, Gardens and Park",Family,4400,GBP,,,4000,GBP
1366,577,"Hardwick Hall, Gardens and Park","1 Adult, 3 Children ",2640,GBP,,,2400,GBP
1367,577,"Hardwick Hall, Gardens and Park",Adult,,,15,Group,1520,GBP
1368,579,Admission,Adult,1870,GBP,,,1700,GBP
1369,579,Admission,Child,940,GBP,,,850,GBP
1370,579,Admission,Family,4680,GBP,,,4250,GBP
1371,579,Admission,"1 adult, 2 children",2810,GBP,,,2550,GBP
1372,579,Admission,Adult,,,14,Group,1615,GBP
1373,579,Admission,Child,,,14,Group,808,GBP
1374,581,House and gardens,Adult,550,GBP,,,500,GBP
1375,581,House and gardens,Child,275,GBP,,,250,GBP
1376,581,House and gardens,Family,1375,GBP,,,1250,GBP
1377,581,House and gardens,Family with 1 adult and up to 3 children ,825,GBP,,,750,GBP
1378,585,Whole property,Adult,720,GBP,,,650,GBP
1379,585,Whole property,Child,360,GBP,,,325,GBP
1380,585,Whole property,Family,1790,GBP,,,1625,GBP
1381,585,Whole property,"1 adult, 2 children",1080,GBP,,,975,GBP
